YEAR,MONTH,ALLSKY_SFC_SW_DWN,CLOUD_AMT,CLRSKY_KT,PRECTOTCORR,PS,PSC,RH2M,T2M,WD10M,WS10M,WS2M,WSC
2001,ANN,4.64,64.05,0.67,3.85,93.63,76.34,66.54,23.99,274.1,3.32,2.21,4.0
2001,APR,6.17,49.26,0.7,1.95,93.7,76.68,45.34,29.46,246.0,2.87,2.0,3.4
2001,AUG,3.08,95.63,0.66,13.75,93.12,75.9,91.81,23.68,266.6,4.41,3.04,5.2
2001,DEC,4.57,40.57,0.68,0.03,94.41,76.54,70.87,16.28,67.5,2.46,1.4,3.09
2001,FEB,5.74,35.2,0.71,0.0,93.88,76.54,28.41,23.94,302.8,2.87,1.81,3.47
2001,JAN,4.68,40.73,0.67,0.02,94.06,76.46,43.57,19.81,38.4,2.5,1.52,3.05
2001,JUL,3.14,95.86,0.66,9.34,93.07,75.88,88.38,23.93,262.6,5.07,3.55,5.94
2001,JUN,3.43,94.4,0.64,6.88,93.06,75.91,81.39,24.76,257.1,4.72,3.33,5.45
2001,MAR,5.44,55.0,0.66,0.48,93.78,76.7,36.98,28.43,251.9,2.72,1.86,3.28
2001,MAY,6.39,62.64,0.69,3.2,93.25,76.38,50.73,30.79,255.9,3.89,2.74,4.59
2001,NOV,4.0,55.26,0.67,2.92,94.08,76.48,86.84,19.96,62.2,3.31,2.09,4.15
2001,OCT,4.7,59.62,0.68,1.67,93.72,76.34,86.61,22.69,75.0,2.7,1.69,3.48
2001,SEP,4.41,84.38,0.66,5.9,93.46,76.2,87.61,24.09,355.0,2.31,1.52,2.89
2002,ANN,5.0,59.38,0.67,2.76,93.69,76.41,63.54,24.41,260.0,3.43,2.27,4.17
2002,APR,6.72,34.57,0.7,1.62,93.61,76.66,42.66,30.45,247.2,3.66,2.53,4.46
2002,AUG,2.89,94.38,0.65,10.64,93.14,75.93,89.49,23.87,250.5,5.16,3.58,5.92
2002,DEC,4.69,39.83,0.67,0.01,94.24,76.61,49.84,19.86,57.9,2.73,1.59,3.48
2002,FEB,5.44,38.56,0.7,0.0,94.26,76.75,51.53,22.25,93.3,2.81,1.75,3.58
2002,JAN,4.61,38.37,0.69,1.4,94.17,76.48,67.46,18.56,123.2,2.45,1.52,3.09
2002,JUL,4.2,89.96,0.64,6.61,93.21,76.06,81.41,25.34,270.9,4.02,2.8,4.86
2002,JUN,4.74,82.84,0.65,6.55,93.18,76.1,77.24,26.42,236.6,4.05,2.86,4.8
2002,MAR,6.04,44.79,0.69,0.26,93.87,76.69,38.96,27.11,267.4,3.09,2.04,3.77
2002,MAY,6.41,57.47,0.68,1.83,93.2,76.46,37.3,33.12,263.0,4.21,2.97,4.94
2002,NOV,4.79,46.13,0.68,0.1,94.07,76.48,60.58,19.95,53.8,2.89,1.74,3.6
2002,OCT,4.93,61.68,0.67,1.55,93.85,76.43,80.37,22.38,64.2,2.68,1.67,3.45
2002,SEP,4.52,83.92,0.66,2.51,93.52,76.23,85.67,23.62,281.6,3.38,2.24,4.11
2003,ANN,4.77,62.91,0.68,4.28,93.68,76.41,65.72,24.61,261.7,3.45,2.32,4.13
2003,APR,6.6,45.36,0.7,0.47,93.67,76.76,37.23,31.45,241.8,3.33,2.36,3.95
2003,AUG,3.25,94.43,0.67,11.7,93.15,75.95,91.49,24.01,270.6,4.17,2.88,4.96
2003,DEC,4.2,40.45,0.68,2.26,94.3,76.45,80.89,16.23,62.4,2.79,1.66,3.56
2003,FEB,5.29,43.75,0.69,0.43,94.07,76.72,49.23,24.46,129.8,2.73,1.82,3.4
2003,JAN,4.62,45.43,0.67,0.01,94.3,76.68,43.65,20.2,50.3,2.86,1.72,3.66
2003,JUL,3.02,96.4,0.67,16.41,93.12,75.94,89.53,24.32,257.6,4.42,3.11,5.11
2003,JUN,4.9,89.8,0.66,2.15,93.09,76.18,58.82,29.36,239.6,5.22,3.79,5.59
2003,MAR,5.8,48.13,0.69,1.4,93.91,76.7,43.89,26.49,263.4,2.93,1.95,3.58
2003,MAY,6.52,65.94,0.69,0.28,93.3,76.55,31.86,33.31,278.6,3.89,2.77,4.54
2003,NOV,5.17,26.53,0.68,0.0,94.21,76.52,82.1,18.7,57.2,2.33,1.37,2.9
2003,OCT,4.15,69.48,0.68,9.64,93.71,76.34,89.13,22.88,67.0,3.19,2.05,4.0
2003,SEP,3.75,89.18,0.66,6.63,93.38,76.13,90.76,23.89,255.5,3.52,2.36,4.27
2004,ANN,4.97,55.13,0.68,4.34,93.72,76.37,71.29,23.26,263.5,3.13,2.07,3.8
2004,APR,6.72,40.36,0.7,1.57,93.61,76.64,45.19,30.11,241.6,3.86,2.69,4.67
2004,AUG,3.24,89.09,0.67,9.41,93.13,75.92,91.17,23.89,261.7,4.57,3.16,5.42
2004,DEC,4.73,25.7,0.67,0.0,94.26,76.44,72.09,16.63,67.3,2.38,1.37,2.96
2004,FEB,5.72,26.44,0.7,0.15,94.15,76.52,57.96,19.55,33.9,2.6,1.61,3.17
2004,JAN,4.64,38.02,0.67,1.59,94.2,76.42,75.02,17.11,90.3,2.39,1.46,3.02
2004,JUL,3.65,96.26,0.66,12.91,93.14,75.94,89.98,24.04,254.4,3.59,2.49,4.37
2004,JUN,4.46,80.79,0.65,10.24,93.23,76.12,76.94,26.05,253.2,4.54,3.19,5.31
2004,MAR,6.44,33.93,0.71,0.07,93.88,76.68,39.5,26.77,337.6,2.89,1.9,3.44
2004,MAY,5.92,58.3,0.68,1.36,93.31,76.4,52.12,30.13,221.0,3.74,2.67,4.29
2004,NOV,4.85,33.84,0.67,0.08,94.25,76.55,79.2,18.53,62.0,2.51,1.46,3.17
2004,OCT,4.62,62.1,0.67,4.28,93.96,76.5,88.06,22.07,59.5,2.44,1.51,3.2
2004,SEP,4.62,76.76,0.67,10.45,93.55,76.29,88.19,24.27,286.9,2.08,1.33,2.66
2005,ANN,4.77,62.5,0.67,4.39,93.68,76.38,69.0,23.97,251.4,3.25,2.15,3.92
2005,APR,5.88,58.79,0.68,0.92,93.81,76.78,45.53,29.61,226.1,2.85,1.99,3.4
2005,AUG,3.38,94.0,0.66,8.0,93.26,76.04,89.04,24.1,261.0,3.87,2.66,4.55
2005,DEC,4.36,43.68,0.67,0.04,94.13,76.31,77.91,16.16,62.7,2.7,1.58,3.47
2005,FEB,5.85,25.41,0.72,0.23,94.15,76.7,48.43,22.84,338.5,2.78,1.73,3.39
2005,JAN,4.45,43.79,0.65,1.15,94.15,76.5,65.85,19.2,104.6,2.59,1.56,3.27
2005,JUL,3.34,94.05,0.66,9.73,93.09,75.93,86.73,24.57,243.4,4.29,3.02,4.97
2005,JUN,4.78,82.51,0.65,6.11,93.08,76.11,66.17,28.27,238.6,4.41,3.14,5.02
2005,MAR,6.14,43.42,0.69,0.24,93.93,76.75,43.35,27.13,245.3,2.8,1.86,3.41
2005,MAY,6.52,54.45,0.69,2.45,93.41,76.53,44.36,31.19,251.1,3.68,2.6,4.24
2005,NOV,4.87,45.81,0.68,0.41,94.11,76.39,80.56,17.78,53.4,2.64,1.56,3.32
2005,OCT,3.85,79.3,0.66,9.57,93.78,76.4,89.5,22.85,60.5,2.74,1.76,3.55
2005,SEP,3.79,84.82,0.66,13.89,93.34,76.09,90.58,23.88,241.7,3.59,2.38,4.46
2006,ANN,4.84,58.9,0.67,4.63,93.71,76.38,70.18,23.56,257.9,3.04,2.02,3.67
2006,APR,6.37,43.8,0.68,3.81,93.6,76.59,46.15,29.24,255.4,2.93,1.97,3.58
2006,AUG,2.89,94.6,0.67,12.93,93.12,75.91,91.65,23.69,254.4,5.27,3.65,6.12
2006,DEC,4.55,34.21,0.65,0.0,94.32,76.54,74.03,17.6,65.9,2.2,1.32,2.69
2006,FEB,5.9,31.04,0.72,0.0,94.12,76.66,40.64,22.56,33.7,2.44,1.55,2.83
2006,JAN,5.09,31.25,0.69,0.0,94.22,76.46,63.15,17.49,55.4,2.33,1.4,2.83
2006,JUL,3.09,95.67,0.65,13.98,93.08,75.9,88.39,24.19,250.8,5.22,3.66,6.16
2006,JUN,4.63,86.72,0.65,4.84,93.24,76.13,76.42,26.21,236.4,3.33,2.32,3.99
2006,MAR,5.89,47.24,0.7,1.12,93.87,76.64,48.06,26.0,285.1,2.43,1.62,2.92
2006,MAY,5.98,65.68,0.67,3.06,93.38,76.4,60.24,29.03,236.4,3.21,2.26,3.89
2006,NOV,4.44,48.2,0.65,3.05,94.14,76.54,83.56,20.02,68.3,2.14,1.29,2.79
2006,OCT,4.98,48.76,0.67,1.35,94.03,76.59,80.58,22.73,64.4,2.24,1.4,2.79
2006,SEP,4.25,79.69,0.66,11.41,93.42,76.16,89.23,23.97,273.4,2.73,1.78,3.5
2007,ANN,4.95,58.17,0.67,3.82,93.66,76.36,68.25,23.88,263.0,3.2,2.12,3.88
2007,APR,6.56,43.31,0.69,0.39,93.69,76.72,38.4,30.24,250.7,3.26,2.27,3.85
2007,AUG,3.88,90.96,0.66,11.24,93.19,75.98,89.37,24.09,256.9,3.79,2.6,4.51
2007,DEC,4.33,39.81,0.64,0.0,94.18,76.43,75.71,17.47,64.2,2.61,1.51,3.47
2007,FEB,5.47,34.36,0.69,0.49,94.07,76.57,53.73,21.7,193.9,2.83,1.81,3.5
2007,JAN,4.85,32.08,0.67,0.01,94.33,76.62,57.97,18.7,56.9,2.14,1.29,2.58
2007,JUL,4.17,93.85,0.66,6.46,93.17,75.99,87.88,24.55,244.6,4.2,2.94,4.94
2007,JUN,4.18,88.02,0.66,12.8,93.06,76.06,71.5,27.51,236.9,4.62,3.3,5.2
2007,MAR,6.13,34.34,0.67,0.06,93.91,76.69,42.37,26.44,26.0,2.88,1.89,3.5
2007,MAY,6.37,66.16,0.67,2.11,93.3,76.48,44.66,31.91,265.2,3.41,2.4,4.0
2007,NOV,5.25,18.1,0.68,0.34,94.08,76.39,81.17,18.26,53.6,2.57,1.48,3.28
2007,OCT,4.59,62.64,0.66,4.29,93.72,76.29,84.92,21.77,53.0,2.66,1.67,3.42
2007,SEP,3.64,94.41,0.66,7.64,93.23,76.01,91.36,23.97,263.6,3.42,2.28,4.28
2008,ANN,4.79,58.42,0.66,4.0,93.65,76.33,69.23,23.44,270.8,3.2,2.1,3.94
2008,APR,6.61,41.2,0.69,0.68,93.6,76.57,45.62,28.85,273.9,2.74,1.84,3.38
2008,AUG,3.28,93.72,0.66,9.73,93.18,75.97,91.52,23.93,254.5,3.83,2.63,4.6
2008,DEC,4.51,22.33,0.63,0.02,94.17,76.48,66.73,18.53,64.8,2.48,1.38,3.25
2008,FEB,5.23,33.12,0.68,1.7,94.05,76.5,57.19,20.74,93.1,3.03,1.93,3.8
2008,JAN,4.93,27.43,0.68,0.32,94.1,76.41,58.1,18.27,55.3,2.84,1.68,3.61
2008,JUL,3.48,97.91,0.64,12.01,93.14,75.94,87.98,24.17,250.7,3.98,2.78,4.77
2008,JUN,3.67,94.76,0.62,8.71,93.16,76.0,80.93,24.89,253.4,4.72,3.34,5.46
2008,MAR,5.59,56.79,0.69,3.78,93.81,76.55,48.99,25.25,187.5,2.61,1.7,3.21
2008,MAY,6.43,58.04,0.68,1.15,93.25,76.42,38.82,31.48,278.6,3.76,2.62,4.44
2008,NOV,4.5,42.83,0.65,0.29,94.05,76.42,81.5,19.36,69.9,2.86,1.72,3.73
2008,OCT,5.29,45.16,0.66,0.53,93.88,76.46,83.7,22.36,45.2,2.55,1.6,3.26
2008,SEP,3.98,87.8,0.67,9.1,93.45,76.16,89.63,23.51,258.5,3.0,1.95,3.77
2009,ANN,4.95,56.93,0.66,3.37,93.66,76.39,64.09,24.44,266.5,3.24,2.13,3.97
2009,APR,6.72,41.87,0.7,0.18,93.58,76.65,30.96,30.83,300.1,3.23,2.21,3.9
2009,AUG,3.95,93.85,0.65,9.02,93.3,76.09,89.52,24.39,256.5,3.34,2.29,4.08
2009,DEC,4.34,37.14,0.64,0.04,94.24,76.5,71.52,17.88,68.6,2.49,1.4,3.25
2009,FEB,5.56,27.76,0.68,0.0,94.0,76.62,38.24,23.77,25.5,2.96,1.82,3.72
2009,JAN,4.9,20.08,0.66,0.0,94.25,76.63,51.95,20.09,66.5,2.78,1.65,3.65
2009,JUL,2.97,96.84,0.66,14.71,93.06,75.88,89.11,24.19,248.1,5.47,3.85,6.27
2009,JUN,5.3,77.71,0.64,3.85,93.16,76.15,67.69,27.75,242.8,4.39,3.12,5.05
2009,MAR,5.65,50.4,0.66,0.54,93.84,76.69,30.71,27.41,291.7,2.79,1.79,3.44
2009,MAY,6.03,64.49,0.66,3.94,93.27,76.37,51.2,30.22,243.9,3.48,2.43,4.21
2009,NOV,4.45,48.94,0.66,1.39,94.07,76.49,82.49,20.2,88.6,2.62,1.57,3.49
2009,OCT,5.03,45.03,0.66,1.62,93.83,76.39,77.45,22.06,50.0,2.42,1.51,2.95
2009,SEP,4.54,79.05,0.65,5.1,93.37,76.15,88.25,24.53,311.7,2.93,1.92,3.68
2010,ANN,4.71,64.06,0.66,5.81,93.65,76.38,69.0,24.48,245.3,3.22,2.15,3.95
2010,APR,6.8,42.48,0.69,1.84,93.69,76.77,40.47,31.22,245.7,3.92,2.75,4.61
2010,AUG,3.88,89.74,0.68,15.64,93.24,76.03,89.76,24.22,227.1,3.32,2.26,4.08
2010,DEC,4.05,45.51,0.66,1.95,93.92,76.19,78.32,16.9,59.7,2.72,1.67,3.39
2010,FEB,5.45,40.34,0.67,0.16,94.11,76.68,43.42,23.17,46.1,2.76,1.73,3.51
2010,JAN,4.53,37.63,0.65,0.53,94.3,76.59,57.2,18.64,62.0,2.51,1.46,3.3
2010,JUL,3.14,94.7,0.67,15.05,93.14,75.97,89.42,24.57,245.7,3.89,2.73,4.56
2010,JUN,4.92,85.26,0.66,9.14,93.23,76.17,75.66,27.09,243.5,4.14,2.93,4.86
2010,MAR,5.54,52.29,0.64,0.37,93.91,76.84,33.0,29.21,278.3,2.86,1.93,3.43
2010,MAY,6.1,60.3,0.68,3.31,93.28,76.39,53.95,30.52,227.5,4.15,2.92,4.89
2010,NOV,4.1,57.89,0.65,3.19,93.97,76.48,87.85,21.51,84.4,2.67,1.66,3.5
2010,OCT,4.05,79.06,0.65,7.28,93.58,76.22,88.48,22.72,51.2,2.89,1.84,3.73
2010,SEP,4.0,83.54,0.66,11.22,93.39,76.14,90.47,23.99,265.1,2.86,1.9,3.55
2011,ANN,4.91,55.18,0.66,3.43,93.66,76.32,69.98,23.26,254.5,3.02,1.97,3.75
2011,APR,6.19,47.01,0.68,2.46,93.72,76.64,50.12,28.34,224.6,2.37,1.62,2.87
2011,AUG,3.55,96.61,0.66,10.48,93.16,75.97,88.85,24.3,233.8,3.65,2.52,4.41
2011,DEC,4.18,38.26,0.63,0.51,94.12,76.41,64.13,18.09,68.4,2.97,1.71,4.05
2011,FEB,5.37,33.44,0.67,0.58,94.03,76.47,60.55,20.37,70.6,2.34,1.47,2.89
2011,JAN,5.05,26.75,0.68,0.0,94.11,76.32,67.74,16.63,61.1,2.39,1.41,3.01
2011,JUL,3.86,86.97,0.65,9.49,93.08,75.93,84.98,24.81,234.7,3.84,2.68,4.6
2011,JUN,4.25,90.66,0.62,3.09,93.1,76.02,75.96,26.18,251.4,4.35,3.07,5.1
2011,MAR,6.23,31.78,0.69,0.0,93.86,76.62,42.66,25.76,310.5,2.74,1.77,3.3
2011,MAY,6.17,59.17,0.65,5.42,93.39,76.43,55.68,29.52,244.8,3.49,2.4,4.22
2011,NOV,4.95,23.78,0.65,0.0,94.11,76.46,77.76,18.94,59.1,2.57,1.46,3.42
2011,OCT,5.31,42.92,0.65,0.43,93.86,76.44,81.84,22.41,50.8,2.23,1.35,2.88
2011,SEP,3.82,84.8,0.66,8.7,93.36,76.1,89.5,23.73,270.1,3.35,2.23,4.15
2012,ANN,4.74,60.7,0.66,5.05,93.63,76.34,66.99,23.97,258.4,3.4,2.25,4.15
2012,APR,6.48,52.35,0.69,3.41,93.63,76.66,43.76,30.14,238.0,3.41,2.38,4.11
2012,AUG,3.08,92.33,0.66,15.85,93.19,75.96,92.01,23.7,248.7,4.63,3.21,5.45
2012,DEC,4.69,33.06,0.67,0.0,94.13,76.39,74.32,17.55,70.7,2.55,1.44,3.29
2012,FEB,5.6,35.96,0.68,0.0,93.96,76.55,40.74,22.98,45.9,2.74,1.68,3.57
2012,JAN,4.63,34.94,0.66,0.5,94.1,76.49,59.23,19.69,85.6,2.65,1.65,3.36
2012,JUL,2.84,95.15,0.64,16.35,93.05,75.87,88.86,24.08,251.4,4.86,3.43,5.56
2012,JUN,4.52,88.68,0.64,5.25,93.1,76.1,67.1,27.76,260.1,4.3,3.07,4.96
2012,MAR,6.23,40.69,0.68,0.05,93.83,76.65,27.45,26.9,353.1,3.11,2.02,3.75
2012,MAY,6.15,63.48,0.66,2.57,93.3,76.39,51.63,30.08,248.7,3.24,2.2,4.03
2012,NOV,4.16,45.79,0.65,2.69,93.99,76.38,83.24,19.34,73.4,2.97,1.81,3.86
2012,OCT,4.8,54.87,0.64,1.71,93.91,76.45,83.91,21.75,63.5,2.83,1.74,3.64
2012,SEP,3.7,91.14,0.65,12.23,93.43,76.16,91.68,23.62,273.3,3.46,2.31,4.3
2013,ANN,4.68,60.98,0.66,4.31,93.64,76.33,70.55,23.83,254.0,3.43,2.29,4.19
2013,APR,6.44,38.18,0.68,2.93,93.65,76.65,44.42,29.71,243.6,3.3,2.29,3.97
2013,AUG,3.54,89.53,0.66,6.99,93.19,75.98,89.59,23.99,256.1,3.82,2.64,4.57
2013,DEC,4.38,38.07,0.65,0.01,94.17,76.37,79.48,16.66,64.5,2.66,1.57,3.46
2013,FEB,5.29,40.21,0.67,0.17,94.12,76.65,50.88,22.44,86.8,2.87,1.83,3.75
2013,JAN,4.67,31.82,0.64,0.02,94.23,76.56,64.48,19.15,66.2,2.55,1.54,3.33
2013,JUL,2.84,95.45,0.67,9.45,92.91,75.75,89.39,23.98,252.9,5.33,3.76,6.04
2013,JUN,3.77,88.17,0.63,14.1,93.02,75.92,82.42,25.45,251.2,4.35,3.1,5.01
2013,MAR,6.03,41.41,0.67,0.02,93.94,76.76,34.21,27.12,301.5,2.91,1.9,3.61
2013,MAY,6.47,63.36,0.66,1.3,93.23,76.41,47.14,31.61,238.3,4.6,3.29,5.26
2013,NOV,4.47,46.21,0.65,1.02,94.1,76.46,85.66,19.25,61.9,2.82,1.7,3.68
2013,OCT,3.92,75.7,0.65,8.69,93.68,76.3,89.54,22.65,70.8,3.38,2.18,4.23
2013,SEP,4.33,83.6,0.65,7.06,93.42,76.16,89.37,23.96,260.7,2.6,1.71,3.38
2014,ANN,4.68,61.07,0.65,4.54,93.74,76.41,70.56,23.56,279.4,3.26,2.15,3.98
2014,APR,6.15,49.96,0.65,1.49,93.78,76.79,38.79,30.2,268.1,2.82,1.9,3.45
2014,AUG,3.59,90.37,0.65,11.13,93.3,76.08,89.91,24.18,261.4,3.66,2.51,4.42
2014,DEC,4.08,52.18,0.63,0.29,94.22,76.4,72.8,16.42,67.6,2.73,1.59,3.58
2014,FEB,5.56,29.91,0.68,0.17,94.02,76.49,57.63,20.82,182.5,2.72,1.72,3.45
2014,JAN,4.39,36.74,0.62,0.09,94.33,76.58,77.56,18.03,78.2,2.43,1.41,3.22
2014,JUL,2.87,95.68,0.64,14.41,93.06,75.91,85.9,24.62,262.0,5.4,3.78,6.25
2014,JUN,4.93,79.11,0.63,5.28,93.13,76.16,65.27,28.44,260.7,4.22,2.98,4.99
2014,MAR,5.42,50.97,0.66,0.88,94.05,76.78,50.5,25.78,309.4,2.39,1.57,2.89
2014,MAY,6.2,62.65,0.67,3.43,93.5,76.51,54.45,29.38,243.9,3.51,2.48,4.2
2014,NOV,4.58,46.18,0.64,0.17,94.12,76.46,79.04,18.94,49.2,2.62,1.56,3.35
2014,OCT,4.54,56.14,0.64,3.8,93.91,76.47,86.01,22.2,62.0,3.13,1.99,3.82
2014,SEP,3.87,82.93,0.65,13.37,93.48,76.2,88.81,23.71,289.5,3.45,2.32,4.17
2015,ANN,4.8,60.22,0.65,5.05,93.81,76.47,70.22,23.74,266.1,3.01,1.98,3.75
2015,APR,6.18,41.82,0.68,2.28,93.8,76.7,50.74,28.26,237.2,3.26,2.25,3.92
2015,AUG,3.57,93.61,0.65,14.5,93.35,76.13,89.33,24.44,263.7,3.71,2.56,4.56
2015,DEC,4.37,39.84,0.64,0.41,94.31,76.64,73.02,19.44,84.6,2.28,1.35,2.91
2015,FEB,5.6,37.48,0.69,0.12,94.17,76.66,46.19,21.9,47.0,2.53,1.59,3.2
2015,JAN,4.8,30.86,0.67,0.21,94.28,76.5,62.23,17.26,54.4,2.7,1.57,3.5
2015,JUL,4.05,95.02,0.63,5.68,93.24,76.05,88.45,24.53,260.8,4.09,2.84,5.02
2015,JUN,3.63,90.63,0.63,17.48,93.21,76.08,81.26,25.72,254.7,4.05,2.85,4.72
2015,MAR,5.71,50.95,0.66,1.12,94.09,76.85,44.97,26.5,273.0,2.66,1.79,3.29
2015,MAY,6.3,58.59,0.66,2.2,93.5,76.54,51.84,30.0,242.8,3.09,2.1,3.82
2015,NOV,4.29,47.87,0.64,0.72,94.16,76.54,84.28,19.78,76.0,3.05,1.82,4.07
2015,OCT,4.96,48.34,0.63,1.07,94.03,76.6,79.88,22.94,59.4,2.14,1.32,2.65
2015,SEP,4.19,87.64,0.63,14.84,93.58,76.3,90.44,24.07,304.0,2.55,1.67,3.28
2016,ANN,4.85,60.62,0.66,4.64,93.7,76.41,67.11,24.17,256.7,3.18,2.12,3.85
2016,APR,6.77,31.53,0.68,0.71,93.66,76.75,37.26,31.34,243.9,3.92,2.72,4.75
2016,AUG,3.92,85.54,0.66,12.35,93.2,76.0,89.83,24.16,255.7,4.07,2.79,4.86
2016,DEC,4.42,39.26,0.65,0.03,94.18,76.4,72.03,17.01,58.3,2.5,1.46,3.2
2016,FEB,5.23,43.55,0.65,0.11,94.16,76.79,49.19,24.35,214.3,2.51,1.61,3.11
2016,JAN,4.59,40.89,0.65,0.01,94.28,76.6,50.76,19.1,29.3,2.49,1.5,3.03
2016,JUL,3.41,95.87,0.66,12.07,93.19,75.99,89.58,24.21,238.4,4.65,3.26,5.42
2016,JUN,4.63,86.15,0.65,12.72,93.2,76.14,76.58,26.83,249.1,3.33,2.37,3.89
2016,MAR,5.84,52.65,0.66,1.54,93.99,76.81,42.37,27.47,250.1,2.8,1.85,3.41
2016,MAY,6.2,65.75,0.69,2.1,93.4,76.52,46.42,31.17,247.8,3.74,2.64,4.4
2016,NOV,4.89,31.41,0.65,0.07,94.1,76.44,76.78,18.77,46.4,2.31,1.43,2.8
2016,OCT,4.64,65.27,0.64,3.03,93.75,76.31,83.24,21.63,4.0,2.56,1.6,3.26
2016,SEP,3.6,89.6,0.65,10.91,93.34,76.1,91.32,24.04,234.8,3.27,2.19,4.13
2017,ANN,4.9,54.61,0.66,4.89,93.71,76.4,67.28,24.04,262.3,3.08,2.04,3.75
2017,APR,6.64,29.17,0.66,0.46,93.6,76.69,33.46,31.24,252.1,3.89,2.7,4.65
2017,AUG,3.57,94.7,0.65,11.89,93.22,76.02,90.06,24.28,246.3,3.14,2.16,3.89
2017,DEC,4.59,23.52,0.64,0.0,94.23,76.4,75.95,16.29,62.2,2.69,1.54,3.43
2017,FEB,5.81,10.18,0.68,0.0,94.19,76.71,40.32,22.45,27.8,2.63,1.66,3.09
2017,JAN,4.66,34.69,0.65,0.0,94.24,76.52,55.78,18.25,48.9,2.55,1.51,3.15
2017,JUL,3.59,97.78,0.65,21.5,93.2,76.01,88.17,24.48,250.3,4.78,3.36,5.59
2017,JUN,3.8,91.91,0.63,9.37,93.21,76.12,78.68,26.39,245.4,3.94,2.82,4.5
2017,MAR,6.3,23.48,0.68,0.47,93.84,76.66,40.04,26.85,256.9,2.99,1.98,3.65
2017,MAY,6.28,56.68,0.66,2.05,93.44,76.58,44.78,31.72,241.4,3.25,2.29,3.95
2017,NOV,4.61,39.55,0.66,0.12,94.03,76.39,84.74,18.99,53.9,2.99,1.81,3.84
2017,OCT,4.53,68.95,0.65,6.43,93.72,76.36,86.57,23.06,43.8,1.98,1.22,2.54
2017,SEP,4.42,84.68,0.65,6.35,93.54,76.29,88.81,24.44,250.5,2.17,1.39,2.79
2018,ANN,4.74,53.25,0.65,4.05,93.72,76.39,66.88,23.7,272.0,3.18,2.12,3.81
2018,APR,6.53,41.67,0.67,2.42,93.7,76.65,50.06,28.93,243.7,3.07,2.1,3.75
2018,AUG,2.44,97.07,0.64,18.59,93.08,75.88,91.06,23.72,273.9,4.58,3.18,5.41
2018,DEC,3.65,39.89,0.59,1.32,94.22,76.47,74.91,17.65,56.6,2.82,1.69,3.59
2018,FEB,5.7,30.1,0.69,0.02,94.15,76.66,42.95,22.03,39.5,2.37,1.48,2.86
2018,JAN,4.96,10.67,0.65,0.0,94.1,76.35,52.79,17.15,42.0,2.39,1.42,2.91
2018,JUL,2.71,98.27,0.64,11.18,93.04,75.88,86.45,24.39,257.9,4.91,3.48,5.61
2018,JUN,4.68,84.63,0.62,3.94,93.17,76.14,69.3,27.31,246.1,3.99,2.88,4.53
2018,MAR,5.72,30.75,0.63,0.77,93.89,76.73,34.8,27.41,291.7,2.59,1.73,3.05
2018,MAY,5.99,57.52,0.65,1.97,93.49,76.54,52.64,30.19,227.3,3.49,2.49,4.09
2018,NOV,4.9,33.36,0.65,0.12,94.19,76.57,77.89,19.86,71.0,2.35,1.33,2.99
2018,OCT,5.24,40.07,0.65,0.71,93.98,76.52,81.21,22.12,39.8,2.77,1.74,3.46
2018,SEP,4.32,75.02,0.65,7.57,93.58,76.28,88.47,23.61,284.6,2.84,1.87,3.45
2019,ANN,4.85,52.94,0.65,5.73,93.76,76.45,68.9,24.16,238.3,3.22,2.14,3.96
2019,APR,6.71,37.52,0.68,1.54,93.72,76.77,38.15,30.78,243.2,3.25,2.24,3.93
2019,AUG,3.35,94.39,0.65,19.44,93.16,75.95,91.47,23.97,250.9,4.32,2.98,5.12
2019,DEC,4.11,34.16,0.61,0.04,94.3,76.52,82.78,17.41,82.4,2.3,1.34,3.09
2019,FEB,5.65,16.52,0.68,0.11,94.18,76.7,49.22,22.43,305.2,2.75,1.73,3.47
2019,JAN,4.61,18.17,0.63,0.23,94.33,76.55,55.56,17.5,70.5,2.58,1.51,3.31
2019,JUL,3.49,90.0,0.65,17.79,93.16,75.99,86.86,24.69,241.8,4.91,3.45,5.72
2019,JUN,5.01,78.26,0.64,7.15,93.24,76.24,69.17,28.22,237.8,3.78,2.67,4.48
2019,MAR,6.2,21.81,0.67,0.18,93.96,76.8,41.52,27.65,252.7,2.79,1.87,3.39
2019,MAY,6.32,50.82,0.66,3.19,93.48,76.58,46.2,30.95,242.1,3.88,2.72,4.66
2019,NOV,4.68,29.26,0.62,0.0,94.12,76.48,85.95,19.26,58.9,2.48,1.43,3.25
2019,OCT,4.46,76.77,0.65,5.76,93.94,76.54,88.49,23.16,60.6,2.01,1.27,2.64
2019,SEP,3.59,87.61,0.66,13.36,93.5,76.23,91.41,23.92,215.5,3.61,2.43,4.5
2020,ANN,4.84,56.25,0.66,4.18,93.73,76.4,73.48,23.59,270.4,2.99,1.97,3.71
2020,APR,6.42,44.3,0.67,3.8,93.87,76.8,46.34,28.98,275.8,2.59,1.77,2.99
2020,AUG,3.04,94.06,0.66,12.78,93.14,75.95,90.68,24.22,255.3,4.65,3.21,5.46
2020,DEC,4.53,16.73,0.63,0.0,94.21,76.4,76.43,16.58,66.3,2.56,1.42,3.35
2020,FEB,5.22,30.38,0.65,1.01,94.26,76.65,62.92,20.31,57.7,2.75,1.77,3.53
2020,JAN,4.65,23.16,0.64,0.51,94.23,76.5,74.87,17.99,74.1,2.65,1.63,3.45
2020,JUL,4.39,90.58,0.67,7.56,93.26,76.1,85.51,25.21,236.0,3.09,2.17,3.71
2020,JUN,4.49,88.14,0.65,6.95,93.23,76.16,75.42,26.74,249.8,3.31,2.35,3.86
2020,MAR,5.91,32.05,0.66,1.53,93.99,76.72,55.92,25.63,240.6,2.51,1.68,3.07
2020,MAY,6.44,54.27,0.68,1.91,93.51,76.55,51.06,29.9,261.3,3.34,2.31,4.02
2020,NOV,4.34,44.66,0.65,0.78,94.17,76.56,85.11,19.88,70.3,3.07,1.87,4.12
2020,OCT,4.23,75.04,0.64,4.91,93.54,76.21,88.86,22.92,56.4,2.92,1.85,3.8
2020,SEP,4.43,81.68,0.66,8.45,93.37,76.16,88.7,24.7,190.7,2.46,1.59,3.12
2021,ANN,4.62,60.49,0.64,3.61,93.69,76.38,70.03,23.91,284.2,2.95,1.94,3.65
2021,APR,6.06,50.31,0.64,1.85,93.76,76.71,42.73,29.13,246.0,2.5,1.67,3.1
2021,AUG,3.81,91.55,0.64,8.7,93.31,76.11,88.84,24.64,252.9,3.1,2.11,3.88
2021,DEC,3.91,40.3,0.62,0.25,94.25,76.49,80.56,17.55,55.1,2.7,1.67,3.48
2021,FEB,5.61,18.77,0.67,0.27,94.13,76.58,45.03,20.93,45.8,2.7,1.67,3.35
2021,JAN,4.35,25.72,0.59,0.07,94.09,76.46,64.88,19.36,68.2,2.45,1.45,3.18
2021,JUL,3.73,92.19,0.65,8.84,93.13,75.97,86.58,24.83,247.1,3.91,2.74,4.57
2021,JUN,4.03,83.79,0.63,5.61,93.28,76.16,77.06,26.08,249.0,3.85,2.73,4.46
2021,MAR,5.76,32.26,0.62,0.18,93.92,76.73,33.08,26.9,343.8,2.57,1.63,3.11
2021,MAY,6.07,62.36,0.67,3.75,93.46,76.46,56.51,28.93,239.2,3.15,2.19,3.78
2021,NOV,3.85,67.55,0.63,1.92,93.95,76.43,87.57,20.92,78.3,3.08,1.94,4.13
2021,OCT,4.59,69.1,0.63,2.17,93.72,76.37,87.48,23.33,55.7,2.38,1.5,3.09
2021,SEP,3.69,91.93,0.65,9.67,93.31,76.09,90.06,24.33,230.8,2.95,1.96,3.7
2022,ANN,4.76,55.99,0.65,4.81,93.65,76.34,70.54,23.72,255.9,3.04,2.01,3.74
2022,APR,6.12,50.2,0.64,1.4,93.65,76.7,40.37,30.73,255.5,3.07,2.12,3.69
2022,AUG,3.7,89.4,0.67,17.45,93.19,75.99,90.01,24.25,252.9,3.7,2.54,4.4
2022,DEC,4.07,36.81,0.62,0.12,94.12,76.43,79.0,18.5,72.4,2.65,1.55,3.49
2022,FEB,5.63,14.07,0.67,0.03,94.03,76.46,53.89,20.28,47.0,2.71,1.68,3.43
2022,JAN,4.72,22.74,0.65,1.37,94.13,76.38,73.41,17.38,64.9,2.4,1.46,3.11
2022,JUL,3.22,93.13,0.68,15.24,93.06,75.91,88.58,24.69,256.3,3.67,2.59,4.23
2022,JUN,4.46,89.42,0.63,3.91,93.24,76.2,69.57,27.52,230.8,3.51,2.51,4.1
2022,MAR,6.07,26.01,0.65,0.0,93.81,76.64,35.95,26.91,4.5,2.77,1.82,3.37
2022,MAY,6.03,63.64,0.65,3.97,93.25,76.35,53.57,30.11,216.1,3.41,2.4,3.95
2022,NOV,4.54,37.46,0.62,0.14,94.11,76.43,84.27,18.5,56.9,2.53,1.49,3.35
2022,OCT,4.53,63.35,0.66,3.97,93.85,76.39,87.5,21.79,73.5,2.89,1.82,3.8
2022,SEP,4.02,85.64,0.69,10.09,93.41,76.16,90.37,24.02,244.9,3.22,2.14,3.98
2023,ANN,4.7,55.13,0.64,3.96,93.8,76.47,68.22,23.85,316.4,2.92,1.91,3.6
2023,APR,5.98,47.1,0.64,2.32,93.81,76.73,47.43,28.57,276.0,2.27,1.53,2.63
2023,AUG,3.79,88.68,0.63,7.7,93.43,76.2,88.96,24.37,270.0,3.79,2.61,4.53
2023,DEC,3.85,36.9,0.6,2.2,94.26,76.46,81.2,16.81,72.0,2.92,1.72,3.85
2023,FEB,5.8,12.16,0.68,0.0,94.16,76.65,38.29,21.79,28.9,2.82,1.75,3.4
2023,JAN,4.54,16.96,0.61,0.01,94.23,76.56,63.25,18.98,76.0,2.49,1.5,3.2
2023,JUL,3.31,93.52,0.68,12.75,93.12,76.01,84.86,25.6,269.5,3.68,2.6,4.25
2023,JUN,4.98,77.84,0.64,3.38,93.26,76.33,57.31,29.59,262.8,3.49,2.47,4.01
2023,MAR,5.46,43.53,0.64,3.3,94.02,76.73,47.91,25.27,244.3,2.38,1.56,2.87
2023,MAY,5.98,60.73,0.65,3.28,93.63,76.62,51.19,29.32,267.7,2.82,1.91,3.44
2023,NOV,4.23,50.67,0.62,1.2,94.22,76.59,85.06,19.81,66.1,2.87,1.76,3.97
2023,OCT,5.05,40.36,0.62,0.68,94.01,76.52,83.64,21.62,30.6,2.56,1.58,3.35
2023,SEP,3.44,93.15,0.63,10.65,93.38,76.15,89.6,24.46,269.6,2.94,1.98,3.61
2024,APR,5.81,40.39,0.63,0.68,93.73,76.83,34.46,31.77,288.6,2.68,1.84,3.25
2024,FEB,5.15,28.64,0.63,0.04,94.29,76.81,53.21,22.79,73.3,2.62,1.66,3.33
2024,JAN,4.11,32.88,0.57,0.01,94.3,76.59,68.89,18.59,69.9,2.55,1.52,3.33
2024,JUL,2.75,98.32,0.66,14.96,93.01,75.88,88.89,24.93,254.0,4.73,3.33,5.44
2024,JUN,4.48,85.5,0.62,6.6,93.29,76.26,71.11,27.74,237.7,3.29,2.38,3.72
2024,MAR,5.31,31.84,0.62,0.47,94.06,76.84,43.56,26.87,269.6,2.63,1.76,3.14
2024,MAY,5.87,55.56,0.66,3.6,93.43,76.51,52.05,30.47,242.8,2.99,2.08,3.58
